"","Model","Threshold","Population_below_threshold","Sensitivity.Sensitivity","Specificity.Specificity","PPV.Pos.Pred.Value","NPV.Neg.Pred.Value","Accuracy.Accuracy"
"1","rpart",0.05,0,NA,NA,NA,NA,NA
"2","rpart",0.1,0,NA,NA,NA,NA,NA
"3","rpart",0.15,0,NA,NA,NA,NA,NA
"4","rpart",0.2,0,NA,NA,NA,NA,NA
"5","rpart",0.25,0,NA,NA,NA,NA,NA
"6","rpart",0.3,0,NA,NA,NA,NA,NA
"7","rpart",0.35,0,NA,NA,NA,NA,NA
"8","rpart",0.4,0,NA,NA,NA,NA,NA
"9","rpart",0.45,0,NA,NA,NA,NA,NA
"10","rpart",0.5,0,NA,NA,NA,NA,NA
"11","rpart",0.55,0,NA,NA,NA,NA,NA
"12","rpart",0.6,0,NA,NA,NA,NA,NA
"13","rpart",0.65,0,NA,NA,NA,NA,NA
"14","rpart",0.7,0,NA,NA,NA,NA,NA
"15","rpart",0.75,0,NA,NA,NA,NA,NA
"16","rpart",0.8,0,NA,NA,NA,NA,NA
"17","rpart",0.85,0,NA,NA,NA,NA,NA
"18","rpart",0.9,0,NA,NA,NA,NA,NA
"19","rpart",0.95,0,NA,NA,NA,NA,NA
"20","rpart",0.05,0,NA,NA,NA,NA,NA
"21","rpart",0.1,0,NA,NA,NA,NA,NA
"22","rpart",0.15,0,NA,NA,NA,NA,NA
"23","rpart",0.2,0,NA,NA,NA,NA,NA
"24","rpart",0.25,0,NA,NA,NA,NA,NA
"25","rpart",0.3,0,NA,NA,NA,NA,NA
"26","rpart",0.35,0,NA,NA,NA,NA,NA
"27","rpart",0.4,0,NA,NA,NA,NA,NA
"28","rpart",0.45,0,NA,NA,NA,NA,NA
"29","rpart",0.5,0,NA,NA,NA,NA,NA
"30","rpart",0.55,0,NA,NA,NA,NA,NA
"31","rpart",0.6,0,NA,NA,NA,NA,NA
"32","rpart",0.65,0,NA,NA,NA,NA,NA
"33","rpart",0.7,0,NA,NA,NA,NA,NA
"34","rpart",0.75,0,NA,NA,NA,NA,NA
"35","rpart",0.8,0,NA,NA,NA,NA,NA
"36","rpart",0.85,0,NA,NA,NA,NA,NA
"37","rpart",0.9,0,NA,NA,NA,NA,NA
"38","rpart",0.95,0,NA,NA,NA,NA,NA
"39","rpart",0.05,0,NA,NA,NA,NA,NA
"40","rpart",0.1,0,NA,NA,NA,NA,NA
"41","rpart",0.15,0,NA,NA,NA,NA,NA
"42","rpart",0.2,0,NA,NA,NA,NA,NA
"43","rpart",0.25,0,NA,NA,NA,NA,NA
"44","rpart",0.3,0,NA,NA,NA,NA,NA
"45","rpart",0.35,0,NA,NA,NA,NA,NA
"46","rpart",0.4,0,NA,NA,NA,NA,NA
"47","rpart",0.45,0,NA,NA,NA,NA,NA
"48","rpart",0.5,0,NA,NA,NA,NA,NA
"49","rpart",0.55,0,NA,NA,NA,NA,NA
"50","rpart",0.6,0,NA,NA,NA,NA,NA
"51","rpart",0.65,0,NA,NA,NA,NA,NA
"52","rpart",0.7,0,NA,NA,NA,NA,NA
"53","rpart",0.75,0,NA,NA,NA,NA,NA
"54","rpart",0.8,0,NA,NA,NA,NA,NA
"55","rpart",0.85,0,NA,NA,NA,NA,NA
"56","rpart",0.9,0,NA,NA,NA,NA,NA
"57","rpart",0.95,0,NA,NA,NA,NA,NA
"58","rpart",0.05,0,NA,NA,NA,NA,NA
"59","rpart",0.1,0,NA,NA,NA,NA,NA
"60","rpart",0.15,0,NA,NA,NA,NA,NA
"61","rpart",0.2,0,NA,NA,NA,NA,NA
"62","rpart",0.25,0,NA,NA,NA,NA,NA
"63","rpart",0.3,0,NA,NA,NA,NA,NA
"64","rpart",0.35,0,NA,NA,NA,NA,NA
"65","rpart",0.4,0,NA,NA,NA,NA,NA
"66","rpart",0.45,0,NA,NA,NA,NA,NA
"67","rpart",0.5,0,NA,NA,NA,NA,NA
"68","rpart",0.55,0,NA,NA,NA,NA,NA
"69","rpart",0.6,0,NA,NA,NA,NA,NA
"70","rpart",0.65,0,NA,NA,NA,NA,NA
"71","rpart",0.7,0,NA,NA,NA,NA,NA
"72","rpart",0.75,0,NA,NA,NA,NA,NA
"73","rpart",0.8,0,NA,NA,NA,NA,NA
"74","rpart",0.85,0,NA,NA,NA,NA,NA
"75","rpart",0.9,0,NA,NA,NA,NA,NA
"76","rpart",0.95,0,NA,NA,NA,NA,NA
"77","rpart",0.05,0,NA,NA,NA,NA,NA
"78","rpart",0.1,0,NA,NA,NA,NA,NA
"79","rpart",0.15,0,NA,NA,NA,NA,NA
"80","rpart",0.2,0,NA,NA,NA,NA,NA
"81","rpart",0.25,0,NA,NA,NA,NA,NA
"82","rpart",0.3,0,NA,NA,NA,NA,NA
"83","rpart",0.35,0,NA,NA,NA,NA,NA
"84","rpart",0.4,0,NA,NA,NA,NA,NA
"85","rpart",0.45,0,NA,NA,NA,NA,NA
"86","rpart",0.5,0,NA,NA,NA,NA,NA
"87","rpart",0.55,0,NA,NA,NA,NA,NA
"88","rpart",0.6,0,NA,NA,NA,NA,NA
"89","rpart",0.65,0,NA,NA,NA,NA,NA
"90","rpart",0.7,0,NA,NA,NA,NA,NA
"91","rpart",0.75,0,NA,NA,NA,NA,NA
"92","rpart",0.8,0,NA,NA,NA,NA,NA
"93","rpart",0.85,0,NA,NA,NA,NA,NA
"94","rpart",0.9,0,NA,NA,NA,NA,NA
"95","rpart",0.95,0,NA,NA,NA,NA,NA
"96","rpart",0.05,0,NA,NA,NA,NA,NA
"97","rpart",0.1,0,NA,NA,NA,NA,NA
"98","rpart",0.15,0,NA,NA,NA,NA,NA
"99","rpart",0.2,0,NA,NA,NA,NA,NA
"100","rpart",0.25,0,NA,NA,NA,NA,NA
"101","rpart",0.3,0,NA,NA,NA,NA,NA
"102","rpart",0.35,0,NA,NA,NA,NA,NA
"103","rpart",0.4,0,NA,NA,NA,NA,NA
"104","rpart",0.45,0,NA,NA,NA,NA,NA
"105","rpart",0.5,0,NA,NA,NA,NA,NA
"106","rpart",0.55,0,NA,NA,NA,NA,NA
"107","rpart",0.6,0,NA,NA,NA,NA,NA
"108","rpart",0.65,0,NA,NA,NA,NA,NA
"109","rpart",0.7,0,NA,NA,NA,NA,NA
"110","rpart",0.75,0,NA,NA,NA,NA,NA
"111","rpart",0.8,0,NA,NA,NA,NA,NA
"112","rpart",0.85,0,NA,NA,NA,NA,NA
"113","rpart",0.9,0,NA,NA,NA,NA,NA
"114","rpart",0.95,0,NA,NA,NA,NA,NA
"115","rpart",0.05,0,NA,NA,NA,NA,NA
"116","rpart",0.1,0,NA,NA,NA,NA,NA
"117","rpart",0.15,0,NA,NA,NA,NA,NA
"118","rpart",0.2,0,NA,NA,NA,NA,NA
"119","rpart",0.25,0,NA,NA,NA,NA,NA
"120","rpart",0.3,0,NA,NA,NA,NA,NA
"121","rpart",0.35,0,NA,NA,NA,NA,NA
"122","rpart",0.4,0,NA,NA,NA,NA,NA
"123","rpart",0.45,0,NA,NA,NA,NA,NA
"124","rpart",0.5,0,NA,NA,NA,NA,NA
"125","rpart",0.55,0,NA,NA,NA,NA,NA
"126","rpart",0.6,0,NA,NA,NA,NA,NA
"127","rpart",0.65,0,NA,NA,NA,NA,NA
"128","rpart",0.7,0,NA,NA,NA,NA,NA
"129","rpart",0.75,0,NA,NA,NA,NA,NA
"130","rpart",0.8,0,NA,NA,NA,NA,NA
"131","rpart",0.85,0,NA,NA,NA,NA,NA
"132","rpart",0.9,0,NA,NA,NA,NA,NA
"133","rpart",0.95,0,NA,NA,NA,NA,NA
"134","rpart",0.05,0,NA,NA,NA,NA,NA
"135","rpart",0.1,0,NA,NA,NA,NA,NA
"136","rpart",0.15,0,NA,NA,NA,NA,NA
"137","rpart",0.2,0,NA,NA,NA,NA,NA
"138","rpart",0.25,0,NA,NA,NA,NA,NA
"139","rpart",0.3,0,NA,NA,NA,NA,NA
"140","rpart",0.35,0,NA,NA,NA,NA,NA
"141","rpart",0.4,0,NA,NA,NA,NA,NA
"142","rpart",0.45,0,NA,NA,NA,NA,NA
"143","rpart",0.5,0,NA,NA,NA,NA,NA
"144","rpart",0.55,0,NA,NA,NA,NA,NA
"145","rpart",0.6,0,NA,NA,NA,NA,NA
"146","rpart",0.65,0,NA,NA,NA,NA,NA
"147","rpart",0.7,0,NA,NA,NA,NA,NA
"148","rpart",0.75,0,NA,NA,NA,NA,NA
"149","rpart",0.8,0,NA,NA,NA,NA,NA
"150","rpart",0.85,0,NA,NA,NA,NA,NA
"151","rpart",0.9,0,NA,NA,NA,NA,NA
"152","rpart",0.95,0,NA,NA,NA,NA,NA
"153","rpart",0.05,0,NA,NA,NA,NA,NA
"154","rpart",0.1,0,NA,NA,NA,NA,NA
"155","rpart",0.15,0,NA,NA,NA,NA,NA
"156","rpart",0.2,0,NA,NA,NA,NA,NA
"157","rpart",0.25,0,NA,NA,NA,NA,NA
"158","rpart",0.3,0,NA,NA,NA,NA,NA
"159","rpart",0.35,0,NA,NA,NA,NA,NA
"160","rpart",0.4,0,NA,NA,NA,NA,NA
"161","rpart",0.45,0,NA,NA,NA,NA,NA
"162","rpart",0.5,0,NA,NA,NA,NA,NA
"163","rpart",0.55,0,NA,NA,NA,NA,NA
"164","rpart",0.6,0,NA,NA,NA,NA,NA
"165","rpart",0.65,0,NA,NA,NA,NA,NA
"166","rpart",0.7,0,NA,NA,NA,NA,NA
"167","rpart",0.75,0,NA,NA,NA,NA,NA
"168","rpart",0.8,0,NA,NA,NA,NA,NA
"169","rpart",0.85,0,NA,NA,NA,NA,NA
"170","rpart",0.9,0,NA,NA,NA,NA,NA
"171","rpart",0.95,0,NA,NA,NA,NA,NA
"172","rpart",0.05,0,NA,NA,NA,NA,NA
"173","rpart",0.1,0,NA,NA,NA,NA,NA
"174","rpart",0.15,0,NA,NA,NA,NA,NA
"175","rpart",0.2,0,NA,NA,NA,NA,NA
"176","rpart",0.25,0,NA,NA,NA,NA,NA
"177","rpart",0.3,0,NA,NA,NA,NA,NA
"178","rpart",0.35,0,NA,NA,NA,NA,NA
"179","rpart",0.4,0,NA,NA,NA,NA,NA
"180","rpart",0.45,0,NA,NA,NA,NA,NA
"181","rpart",0.5,0,NA,NA,NA,NA,NA
"182","rpart",0.55,0,NA,NA,NA,NA,NA
"183","rpart",0.6,0,NA,NA,NA,NA,NA
"184","rpart",0.65,0,NA,NA,NA,NA,NA
"185","rpart",0.7,0,NA,NA,NA,NA,NA
"186","rpart",0.75,0,NA,NA,NA,NA,NA
"187","rpart",0.8,0,NA,NA,NA,NA,NA
"188","rpart",0.85,0,NA,NA,NA,NA,NA
"189","rpart",0.9,0,NA,NA,NA,NA,NA
"190","rpart",0.95,0,NA,NA,NA,NA,NA
"191","rf",0.05,0,NA,NA,NA,NA,NA
"192","rf",0.1,0,NA,NA,NA,NA,NA
"193","rf",0.15,0,NA,NA,NA,NA,NA
"194","rf",0.2,0,NA,NA,NA,NA,NA
"195","rf",0.25,0,NA,NA,NA,NA,NA
"196","rf",0.3,0,NA,NA,NA,NA,NA
"197","rf",0.35,0,NA,NA,NA,NA,NA
"198","rf",0.4,0,NA,NA,NA,NA,NA
"199","rf",0.45,0,NA,NA,NA,NA,NA
"200","rf",0.5,0.246913580246914,NA,NA,NA,NA,NA
"201","rf",0.55,0.246913580246914,NA,NA,NA,NA,NA
"202","rf",0.6,0.246913580246914,NA,NA,NA,NA,NA
"203","rf",0.65,0.246913580246914,NA,NA,NA,NA,NA
"204","rf",0.7,0.493827160493827,NA,NA,NA,NA,NA
"205","rf",0.75,0.987654320987654,NA,NA,NA,NA,NA
"206","rf",0.8,1.97530864197531,NA,NA,NA,NA,NA
"207","rf",0.85,2.22222222222222,NA,NA,NA,NA,NA
"208","rf",0.9,2.96296296296296,NA,NA,NA,NA,NA
"209","rf",0.95,3.20987654320988,NA,NA,NA,NA,NA
"210","rf",0.05,0,NA,NA,NA,NA,NA
"211","rf",0.1,0,NA,NA,NA,NA,NA
"212","rf",0.15,0,NA,NA,NA,NA,NA
"213","rf",0.2,0,NA,NA,NA,NA,NA
"214","rf",0.25,0,NA,NA,NA,NA,NA
"215","rf",0.3,0,NA,NA,NA,NA,NA
"216","rf",0.35,0,NA,NA,NA,NA,NA
"217","rf",0.4,0,NA,NA,NA,NA,NA
"218","rf",0.45,0,NA,NA,NA,NA,NA
"219","rf",0.5,0,NA,NA,NA,NA,NA
"220","rf",0.55,0,NA,NA,NA,NA,NA
"221","rf",0.6,0,NA,NA,NA,NA,NA
"222","rf",0.65,0.493827160493827,NA,NA,NA,NA,NA
"223","rf",0.7,0.493827160493827,NA,NA,NA,NA,NA
"224","rf",0.75,0.740740740740741,NA,NA,NA,NA,NA
"225","rf",0.8,1.48148148148148,NA,NA,NA,NA,NA
"226","rf",0.85,1.72839506172839,NA,NA,NA,NA,NA
"227","rf",0.9,1.72839506172839,NA,NA,NA,NA,NA
"228","rf",0.95,2.71604938271605,NA,NA,NA,NA,NA
"229","rf",0.05,0,NA,NA,NA,NA,NA
"230","rf",0.1,0,NA,NA,NA,NA,NA
"231","rf",0.15,0,NA,NA,NA,NA,NA
"232","rf",0.2,0,NA,NA,NA,NA,NA
"233","rf",0.25,0,NA,NA,NA,NA,NA
"234","rf",0.3,0.492610837438424,NA,NA,NA,NA,NA
"235","rf",0.35,0.738916256157635,NA,NA,NA,NA,NA
"236","rf",0.4,0.985221674876847,NA,NA,NA,NA,NA
"237","rf",0.45,0.985221674876847,NA,NA,NA,NA,NA
"238","rf",0.5,0.985221674876847,NA,NA,NA,NA,NA
"239","rf",0.55,1.47783251231527,NA,NA,NA,NA,NA
"240","rf",0.6,1.72413793103448,NA,NA,NA,NA,NA
"241","rf",0.65,1.72413793103448,NA,NA,NA,NA,NA
"242","rf",0.7,2.70935960591133,NA,NA,NA,NA,NA
"243","rf",0.75,2.95566502463054,NA,NA,NA,NA,NA
"244","rf",0.8,3.44827586206897,NA,NA,NA,NA,NA
"245","rf",0.85,3.94088669950739,NA,NA,NA,NA,NA
"246","rf",0.9,4.67980295566502,NA,NA,NA,NA,NA
"247","rf",0.95,4.92610837438424,NA,NA,NA,NA,NA
"248","rf",0.05,0,NA,NA,NA,NA,NA
"249","rf",0.1,0,NA,NA,NA,NA,NA
"250","rf",0.15,0,NA,NA,NA,NA,NA
"251","rf",0.2,0,NA,NA,NA,NA,NA
"252","rf",0.25,0,NA,NA,NA,NA,NA
"253","rf",0.3,0,NA,NA,NA,NA,NA
"254","rf",0.35,0,NA,NA,NA,NA,NA
"255","rf",0.4,0,NA,NA,NA,NA,NA
"256","rf",0.45,0,NA,NA,NA,NA,NA
"257","rf",0.5,0,NA,NA,NA,NA,NA
"258","rf",0.55,0,NA,NA,NA,NA,NA
"259","rf",0.6,0,NA,NA,NA,NA,NA
"260","rf",0.65,0.245700245700246,NA,NA,NA,NA,NA
"261","rf",0.7,0.491400491400491,NA,NA,NA,NA,NA
"262","rf",0.75,1.22850122850123,NA,NA,NA,NA,NA
"263","rf",0.8,1.71990171990172,NA,NA,NA,NA,NA
"264","rf",0.85,2.21130221130221,NA,NA,NA,NA,NA
"265","rf",0.9,3.19410319410319,NA,NA,NA,NA,NA
"266","rf",0.95,4.17690417690418,NA,NA,NA,NA,NA
"267","rf",0.05,0,NA,NA,NA,NA,NA
"268","rf",0.1,0,NA,NA,NA,NA,NA
"269","rf",0.15,0,NA,NA,NA,NA,NA
"270","rf",0.2,0,NA,NA,NA,NA,NA
"271","rf",0.25,0,NA,NA,NA,NA,NA
"272","rf",0.3,0,NA,NA,NA,NA,NA
"273","rf",0.35,0,NA,NA,NA,NA,NA
"274","rf",0.4,0,NA,NA,NA,NA,NA
"275","rf",0.45,0,NA,NA,NA,NA,NA
"276","rf",0.5,0.247524752475248,NA,NA,NA,NA,NA
"277","rf",0.55,0.247524752475248,NA,NA,NA,NA,NA
"278","rf",0.6,0.495049504950495,NA,NA,NA,NA,NA
"279","rf",0.65,0.99009900990099,NA,NA,NA,NA,NA
"280","rf",0.7,1.98019801980198,NA,NA,NA,NA,NA
"281","rf",0.75,1.98019801980198,NA,NA,NA,NA,NA
"282","rf",0.8,3.71287128712871,NA,NA,NA,NA,NA
"283","rf",0.85,4.20792079207921,NA,NA,NA,NA,NA
"284","rf",0.9,4.45544554455445,NA,NA,NA,NA,NA
"285","rf",0.95,4.45544554455445,NA,NA,NA,NA,NA
"286","rf",0.05,0,NA,NA,NA,NA,NA
"287","rf",0.1,0,NA,NA,NA,NA,NA
"288","rf",0.15,0,NA,NA,NA,NA,NA
"289","rf",0.2,0,NA,NA,NA,NA,NA
"290","rf",0.25,0,NA,NA,NA,NA,NA
"291","rf",0.3,0,NA,NA,NA,NA,NA
"292","rf",0.35,0,NA,NA,NA,NA,NA
"293","rf",0.4,0,NA,NA,NA,NA,NA
"294","rf",0.45,0,NA,NA,NA,NA,NA
"295","rf",0.5,0,NA,NA,NA,NA,NA
"296","rf",0.55,0.246913580246914,NA,NA,NA,NA,NA
"297","rf",0.6,0.246913580246914,NA,NA,NA,NA,NA
"298","rf",0.65,0.246913580246914,NA,NA,NA,NA,NA
"299","rf",0.7,0.493827160493827,NA,NA,NA,NA,NA
"300","rf",0.75,0.987654320987654,NA,NA,NA,NA,NA
"301","rf",0.8,1.48148148148148,NA,NA,NA,NA,NA
"302","rf",0.85,1.72839506172839,NA,NA,NA,NA,NA
"303","rf",0.9,2.46913580246914,NA,NA,NA,NA,NA
"304","rf",0.95,3.95061728395062,NA,NA,NA,NA,NA
"305","rf",0.05,0,NA,NA,NA,NA,NA
"306","rf",0.1,0,NA,NA,NA,NA,NA
"307","rf",0.15,0,NA,NA,NA,NA,NA
"308","rf",0.2,0,NA,NA,NA,NA,NA
"309","rf",0.25,0,NA,NA,NA,NA,NA
"310","rf",0.3,0,NA,NA,NA,NA,NA
"311","rf",0.35,0,NA,NA,NA,NA,NA
"312","rf",0.4,0,NA,NA,NA,NA,NA
"313","rf",0.45,0,NA,NA,NA,NA,NA
"314","rf",0.5,0,NA,NA,NA,NA,NA
"315","rf",0.55,0.490196078431373,NA,NA,NA,NA,NA
"316","rf",0.6,0.490196078431373,NA,NA,NA,NA,NA
"317","rf",0.65,0.735294117647059,NA,NA,NA,NA,NA
"318","rf",0.7,0.980392156862745,NA,NA,NA,NA,NA
"319","rf",0.75,1.22549019607843,NA,NA,NA,NA,NA
"320","rf",0.8,1.7156862745098,NA,NA,NA,NA,NA
"321","rf",0.85,1.96078431372549,NA,NA,NA,NA,NA
"322","rf",0.9,2.94117647058824,NA,NA,NA,NA,NA
"323","rf",0.95,3.43137254901961,NA,NA,NA,NA,NA
"324","rf",0.05,0,NA,NA,NA,NA,NA
"325","rf",0.1,0,NA,NA,NA,NA,NA
"326","rf",0.15,0,NA,NA,NA,NA,NA
"327","rf",0.2,0,NA,NA,NA,NA,NA
"328","rf",0.25,0,NA,NA,NA,NA,NA
"329","rf",0.3,0,NA,NA,NA,NA,NA
"330","rf",0.35,0,NA,NA,NA,NA,NA
"331","rf",0.4,0,NA,NA,NA,NA,NA
"332","rf",0.45,0,NA,NA,NA,NA,NA
"333","rf",0.5,0,NA,NA,NA,NA,NA
"334","rf",0.55,0,NA,NA,NA,NA,NA
"335","rf",0.6,0.247524752475248,NA,NA,NA,NA,NA
"336","rf",0.65,0.742574257425743,NA,NA,NA,NA,NA
"337","rf",0.7,0.99009900990099,NA,NA,NA,NA,NA
"338","rf",0.75,0.99009900990099,NA,NA,NA,NA,NA
"339","rf",0.8,1.23762376237624,NA,NA,NA,NA,NA
"340","rf",0.85,1.73267326732673,NA,NA,NA,NA,NA
"341","rf",0.9,2.47524752475248,NA,NA,NA,NA,NA
"342","rf",0.95,2.97029702970297,NA,NA,NA,NA,NA
"343","rf",0.05,0,NA,NA,NA,NA,NA
"344","rf",0.1,0,NA,NA,NA,NA,NA
"345","rf",0.15,0,NA,NA,NA,NA,NA
"346","rf",0.2,0,NA,NA,NA,NA,NA
"347","rf",0.25,0,NA,NA,NA,NA,NA
"348","rf",0.3,0,NA,NA,NA,NA,NA
"349","rf",0.35,0,NA,NA,NA,NA,NA
"350","rf",0.4,0,NA,NA,NA,NA,NA
"351","rf",0.45,0.245700245700246,NA,NA,NA,NA,NA
"352","rf",0.5,0.245700245700246,NA,NA,NA,NA,NA
"353","rf",0.55,0.245700245700246,NA,NA,NA,NA,NA
"354","rf",0.6,0.245700245700246,NA,NA,NA,NA,NA
"355","rf",0.65,0.491400491400491,NA,NA,NA,NA,NA
"356","rf",0.7,0.982800982800983,NA,NA,NA,NA,NA
"357","rf",0.75,1.22850122850123,NA,NA,NA,NA,NA
"358","rf",0.8,1.47420147420147,NA,NA,NA,NA,NA
"359","rf",0.85,1.71990171990172,NA,NA,NA,NA,NA
"360","rf",0.9,1.96560196560197,NA,NA,NA,NA,NA
"361","rf",0.95,2.21130221130221,NA,NA,NA,NA,NA
"362","rf",0.05,0,NA,NA,NA,NA,NA
"363","rf",0.1,0,NA,NA,NA,NA,NA
"364","rf",0.15,0,NA,NA,NA,NA,NA
"365","rf",0.2,0,NA,NA,NA,NA,NA
"366","rf",0.25,0,NA,NA,NA,NA,NA
"367","rf",0.3,0,NA,NA,NA,NA,NA
"368","rf",0.35,0,NA,NA,NA,NA,NA
"369","rf",0.4,0,NA,NA,NA,NA,NA
"370","rf",0.45,0,NA,NA,NA,NA,NA
"371","rf",0.5,0,NA,NA,NA,NA,NA
"372","rf",0.55,0.492610837438424,NA,NA,NA,NA,NA
"373","rf",0.6,0.985221674876847,NA,NA,NA,NA,NA
"374","rf",0.65,1.23152709359606,NA,NA,NA,NA,NA
"375","rf",0.7,2.21674876847291,NA,NA,NA,NA,NA
"376","rf",0.75,2.46305418719212,NA,NA,NA,NA,NA
"377","rf",0.8,2.46305418719212,NA,NA,NA,NA,NA
"378","rf",0.85,3.44827586206897,NA,NA,NA,NA,NA
"379","rf",0.9,3.44827586206897,NA,NA,NA,NA,NA
"380","rf",0.95,3.94088669950739,NA,NA,NA,NA,NA
"381","glm",0.05,0,NA,NA,NA,NA,NA
"382","glm",0.1,0,NA,NA,NA,NA,NA
"383","glm",0.15,0,NA,NA,NA,NA,NA
"384","glm",0.2,0,NA,NA,NA,NA,NA
"385","glm",0.25,0,NA,NA,NA,NA,NA
"386","glm",0.3,0,NA,NA,NA,NA,NA
"387","glm",0.35,0.246913580246914,NA,NA,NA,NA,NA
"388","glm",0.4,0.493827160493827,NA,NA,NA,NA,NA
"389","glm",0.45,0.493827160493827,NA,NA,NA,NA,NA
"390","glm",0.5,0.740740740740741,NA,NA,NA,NA,NA
"391","glm",0.55,0.740740740740741,NA,NA,NA,NA,NA
"392","glm",0.6,0.987654320987654,NA,NA,NA,NA,NA
"393","glm",0.65,1.23456790123457,NA,NA,NA,NA,NA
"394","glm",0.7,1.48148148148148,NA,NA,NA,NA,NA
"395","glm",0.75,1.97530864197531,NA,NA,NA,NA,NA
"396","glm",0.8,2.22222222222222,NA,NA,NA,NA,NA
"397","glm",0.85,2.96296296296296,NA,NA,NA,NA,NA
"398","glm",0.9,3.45679012345679,NA,NA,NA,NA,NA
"399","glm",0.95,4.19753086419753,NA,NA,NA,NA,NA
"400","glm",0.05,0,NA,NA,NA,NA,NA
"401","glm",0.1,0,NA,NA,NA,NA,NA
"402","glm",0.15,0,NA,NA,NA,NA,NA
"403","glm",0.2,0,NA,NA,NA,NA,NA
"404","glm",0.25,0,NA,NA,NA,NA,NA
"405","glm",0.3,0,NA,NA,NA,NA,NA
"406","glm",0.35,0,NA,NA,NA,NA,NA
"407","glm",0.4,0,NA,NA,NA,NA,NA
"408","glm",0.45,0.740740740740741,NA,NA,NA,NA,NA
"409","glm",0.5,0.987654320987654,NA,NA,NA,NA,NA
"410","glm",0.55,1.97530864197531,NA,NA,NA,NA,NA
"411","glm",0.6,1.97530864197531,NA,NA,NA,NA,NA
"412","glm",0.65,2.22222222222222,NA,NA,NA,NA,NA
"413","glm",0.7,2.71604938271605,NA,NA,NA,NA,NA
"414","glm",0.75,3.45679012345679,NA,NA,NA,NA,NA
"415","glm",0.8,3.7037037037037,NA,NA,NA,NA,NA
"416","glm",0.85,4.69135802469136,NA,NA,NA,NA,NA
"417","glm",0.9,5.4320987654321,NA,NA,NA,NA,NA
"418","glm",0.95,6.41975308641975,NA,NA,NA,NA,NA
"419","glm",0.05,0,NA,NA,NA,NA,NA
"420","glm",0.1,0,NA,NA,NA,NA,NA
"421","glm",0.15,0,NA,NA,NA,NA,NA
"422","glm",0.2,0,NA,NA,NA,NA,NA
"423","glm",0.25,0.246305418719212,NA,NA,NA,NA,NA
"424","glm",0.3,0.738916256157635,NA,NA,NA,NA,NA
"425","glm",0.35,0.985221674876847,NA,NA,NA,NA,NA
"426","glm",0.4,1.23152709359606,NA,NA,NA,NA,NA
"427","glm",0.45,1.47783251231527,NA,NA,NA,NA,NA
"428","glm",0.5,1.47783251231527,NA,NA,NA,NA,NA
"429","glm",0.55,2.21674876847291,NA,NA,NA,NA,NA
"430","glm",0.6,2.70935960591133,NA,NA,NA,NA,NA
"431","glm",0.65,3.20197044334975,NA,NA,NA,NA,NA
"432","glm",0.7,3.94088669950739,NA,NA,NA,NA,NA
"433","glm",0.75,4.43349753694581,NA,NA,NA,NA,NA
"434","glm",0.8,4.67980295566502,NA,NA,NA,NA,NA
"435","glm",0.85,5.66502463054187,NA,NA,NA,NA,NA
"436","glm",0.9,6.89655172413793,NA,NA,NA,NA,NA
"437","glm",0.95,7.88177339901478,NA,NA,NA,NA,NA
"438","glm",0.05,0,NA,NA,NA,NA,NA
"439","glm",0.1,0,NA,NA,NA,NA,NA
"440","glm",0.15,0,NA,NA,NA,NA,NA
"441","glm",0.2,0,NA,NA,NA,NA,NA
"442","glm",0.25,0,NA,NA,NA,NA,NA
"443","glm",0.3,0,NA,NA,NA,NA,NA
"444","glm",0.35,0,NA,NA,NA,NA,NA
"445","glm",0.4,0.245700245700246,NA,NA,NA,NA,NA
"446","glm",0.45,0.245700245700246,NA,NA,NA,NA,NA
"447","glm",0.5,0.491400491400491,NA,NA,NA,NA,NA
"448","glm",0.55,0.491400491400491,NA,NA,NA,NA,NA
"449","glm",0.6,1.22850122850123,NA,NA,NA,NA,NA
"450","glm",0.65,1.96560196560197,NA,NA,NA,NA,NA
"451","glm",0.7,3.19410319410319,NA,NA,NA,NA,NA
"452","glm",0.75,3.43980343980344,NA,NA,NA,NA,NA
"453","glm",0.8,3.68550368550369,NA,NA,NA,NA,NA
"454","glm",0.85,3.93120393120393,NA,NA,NA,NA,NA
"455","glm",0.9,4.66830466830467,NA,NA,NA,NA,NA
"456","glm",0.95,5.65110565110565,NA,NA,NA,NA,NA
"457","glm",0.05,0,NA,NA,NA,NA,NA
"458","glm",0.1,0,NA,NA,NA,NA,NA
"459","glm",0.15,0,NA,NA,NA,NA,NA
"460","glm",0.2,0,NA,NA,NA,NA,NA
"461","glm",0.25,0,NA,NA,NA,NA,NA
"462","glm",0.3,0,NA,NA,NA,NA,NA
"463","glm",0.35,0.247524752475248,NA,NA,NA,NA,NA
"464","glm",0.4,0.247524752475248,NA,NA,NA,NA,NA
"465","glm",0.45,0.247524752475248,NA,NA,NA,NA,NA
"466","glm",0.5,0.247524752475248,NA,NA,NA,NA,NA
"467","glm",0.55,0.99009900990099,NA,NA,NA,NA,NA
"468","glm",0.6,1.23762376237624,NA,NA,NA,NA,NA
"469","glm",0.65,1.73267326732673,NA,NA,NA,NA,NA
"470","glm",0.7,2.47524752475248,NA,NA,NA,NA,NA
"471","glm",0.75,2.72277227722772,NA,NA,NA,NA,NA
"472","glm",0.8,3.21782178217822,NA,NA,NA,NA,NA
"473","glm",0.85,4.45544554455445,NA,NA,NA,NA,NA
"474","glm",0.9,4.95049504950495,NA,NA,NA,NA,NA
"475","glm",0.95,5.94059405940594,NA,NA,NA,NA,NA
"476","glm",0.05,0.246913580246914,NA,NA,NA,NA,NA
"477","glm",0.1,0.493827160493827,NA,NA,NA,NA,NA
"478","glm",0.15,0.493827160493827,NA,NA,NA,NA,NA
"479","glm",0.2,0.493827160493827,NA,NA,NA,NA,NA
"480","glm",0.25,0.493827160493827,NA,NA,NA,NA,NA
"481","glm",0.3,0.493827160493827,NA,NA,NA,NA,NA
"482","glm",0.35,0.740740740740741,NA,NA,NA,NA,NA
"483","glm",0.4,0.987654320987654,NA,NA,NA,NA,NA
"484","glm",0.45,1.23456790123457,NA,NA,NA,NA,NA
"485","glm",0.5,1.97530864197531,NA,NA,NA,NA,NA
"486","glm",0.55,1.97530864197531,NA,NA,NA,NA,NA
"487","glm",0.6,2.71604938271605,NA,NA,NA,NA,NA
"488","glm",0.65,2.96296296296296,NA,NA,NA,NA,NA
"489","glm",0.7,3.45679012345679,NA,NA,NA,NA,NA
"490","glm",0.75,4.19753086419753,NA,NA,NA,NA,NA
"491","glm",0.8,4.69135802469136,NA,NA,NA,NA,NA
"492","glm",0.85,5.92592592592593,NA,NA,NA,NA,NA
"493","glm",0.9,6.17283950617284,NA,NA,NA,NA,NA
"494","glm",0.95,6.91358024691358,NA,NA,NA,NA,NA
"495","glm",0.05,0,NA,NA,NA,NA,NA
"496","glm",0.1,0,NA,NA,NA,NA,NA
"497","glm",0.15,0,NA,NA,NA,NA,NA
"498","glm",0.2,0,NA,NA,NA,NA,NA
"499","glm",0.25,0.490196078431373,NA,NA,NA,NA,NA
"500","glm",0.3,0.735294117647059,NA,NA,NA,NA,NA
"501","glm",0.35,0.735294117647059,NA,NA,NA,NA,NA
"502","glm",0.4,0.980392156862745,NA,NA,NA,NA,NA
"503","glm",0.45,1.22549019607843,NA,NA,NA,NA,NA
"504","glm",0.5,1.22549019607843,NA,NA,NA,NA,NA
"505","glm",0.55,1.22549019607843,NA,NA,NA,NA,NA
"506","glm",0.6,1.22549019607843,NA,NA,NA,NA,NA
"507","glm",0.65,1.7156862745098,NA,NA,NA,NA,NA
"508","glm",0.7,1.7156862745098,NA,NA,NA,NA,NA
"509","glm",0.75,1.96078431372549,NA,NA,NA,NA,NA
"510","glm",0.8,2.20588235294118,NA,NA,NA,NA,NA
"511","glm",0.85,2.45098039215686,NA,NA,NA,NA,NA
"512","glm",0.9,3.43137254901961,NA,NA,NA,NA,NA
"513","glm",0.95,3.92156862745098,NA,NA,NA,NA,NA
"514","glm",0.05,0,NA,NA,NA,NA,NA
"515","glm",0.1,0,NA,NA,NA,NA,NA
"516","glm",0.15,0,NA,NA,NA,NA,NA
"517","glm",0.2,0.247524752475248,NA,NA,NA,NA,NA
"518","glm",0.25,0.742574257425743,NA,NA,NA,NA,NA
"519","glm",0.3,0.742574257425743,NA,NA,NA,NA,NA
"520","glm",0.35,0.99009900990099,NA,NA,NA,NA,NA
"521","glm",0.4,0.99009900990099,NA,NA,NA,NA,NA
"522","glm",0.45,1.23762376237624,NA,NA,NA,NA,NA
"523","glm",0.5,1.23762376237624,NA,NA,NA,NA,NA
"524","glm",0.55,1.48514851485149,NA,NA,NA,NA,NA
"525","glm",0.6,1.48514851485149,NA,NA,NA,NA,NA
"526","glm",0.65,2.22772277227723,NA,NA,NA,NA,NA
"527","glm",0.7,2.47524752475248,NA,NA,NA,NA,NA
"528","glm",0.75,2.72277227722772,NA,NA,NA,NA,NA
"529","glm",0.8,3.21782178217822,NA,NA,NA,NA,NA
"530","glm",0.85,4.20792079207921,NA,NA,NA,NA,NA
"531","glm",0.9,5.1980198019802,NA,NA,NA,NA,NA
"532","glm",0.95,6.43564356435644,NA,NA,NA,NA,NA
"533","glm",0.05,0.245700245700246,NA,NA,NA,NA,NA
"534","glm",0.1,0.491400491400491,NA,NA,NA,NA,NA
"535","glm",0.15,0.737100737100737,NA,NA,NA,NA,NA
"536","glm",0.2,0.982800982800983,NA,NA,NA,NA,NA
"537","glm",0.25,0.982800982800983,NA,NA,NA,NA,NA
"538","glm",0.3,0.982800982800983,NA,NA,NA,NA,NA
"539","glm",0.35,0.982800982800983,NA,NA,NA,NA,NA
"540","glm",0.4,2.21130221130221,NA,NA,NA,NA,NA
"541","glm",0.45,2.21130221130221,NA,NA,NA,NA,NA
"542","glm",0.5,2.7027027027027,NA,NA,NA,NA,NA
"543","glm",0.55,3.43980343980344,NA,NA,NA,NA,NA
"544","glm",0.6,4.17690417690418,NA,NA,NA,NA,NA
"545","glm",0.65,5.15970515970516,NA,NA,NA,NA,NA
"546","glm",0.7,5.65110565110565,NA,NA,NA,NA,NA
"547","glm",0.75,6.38820638820639,NA,NA,NA,NA,NA
"548","glm",0.8,6.63390663390663,NA,NA,NA,NA,NA
"549","glm",0.85,7.61670761670762,NA,NA,NA,NA,NA
"550","glm",0.9,8.5995085995086,NA,NA,NA,NA,NA
"551","glm",0.95,9.58230958230958,NA,NA,NA,NA,NA
"552","glm",0.05,0,NA,NA,NA,NA,NA
"553","glm",0.1,0,NA,NA,NA,NA,NA
"554","glm",0.15,0,NA,NA,NA,NA,NA
"555","glm",0.2,0,NA,NA,NA,NA,NA
"556","glm",0.25,0,NA,NA,NA,NA,NA
"557","glm",0.3,0,NA,NA,NA,NA,NA
"558","glm",0.35,0,NA,NA,NA,NA,NA
"559","glm",0.4,0,NA,NA,NA,NA,NA
"560","glm",0.45,0,NA,NA,NA,NA,NA
"561","glm",0.5,0,NA,NA,NA,NA,NA
"562","glm",0.55,0.246305418719212,NA,NA,NA,NA,NA
"563","glm",0.6,0.738916256157635,NA,NA,NA,NA,NA
"564","glm",0.65,1.23152709359606,NA,NA,NA,NA,NA
"565","glm",0.7,1.47783251231527,NA,NA,NA,NA,NA
"566","glm",0.75,1.97044334975369,NA,NA,NA,NA,NA
"567","glm",0.8,2.70935960591133,NA,NA,NA,NA,NA
"568","glm",0.85,3.20197044334975,NA,NA,NA,NA,NA
"569","glm",0.9,4.1871921182266,NA,NA,NA,NA,NA
"570","glm",0.95,4.92610837438424,NA,NA,NA,NA,NA
